{"stats":{"minecraft:dropped":{"minecraft:bread":10,"minecraft:wheat_seeds":5,"minecraft:diamond":2,"minecraft:iron_helmet":1,"minecraft:cobblestone":4,"minecraft:diorite":11,"minecraft:map":2,"minecraft:snowball":8,"minecraft:iron_leggings":2,"minecraft:chainmail_leggings":1,"minecraft:string":6,"minecraft:bone":3,"minecraft:kelp":2,"minecraft:wheat":1,"minecraft:raw_iron":1,"minecraft:rotten_flesh":9,"minecraft:iron_boots":1,"minecraft:diamond_sword":1,"minecraft:iron_chestplate":2,"minecraft:oak_sapling":1,"minecraft:spider_eye":1},"minecraft:killed":{"minecraft:evoker":1,"minecraft:vex":4,"minecraft:spider":7,"minecraft:vindicator":1,"minecraft:slime":3,"minecraft:skeleton":24,"minecraft:bat":1,"minecraft:ravager":1,"minecraft:creeper":6,"minecraft:pillager":10,"minecraft:zombie":15,"minecraft:cow":22},"minecraft:mined":{"minecraft:diamond_ore":2,"minecraft:tuff":20,"minecraft:deepslate_diamond_ore":55,"minecraft:sculk_vein":110,"minecraft:brewing_stand":1,"minecraft:obsidian":3,"minecraft:granite":8,"minecraft:grass_block":4,"minecraft:kelp":4,"minecraft:large_fern":1,"minecraft:hay_block":8,"minecraft:furnace":1,"minecraft:iron_ore":57,"minecraft:cobbled_deepslate":20,"minecraft:fire":15,"minecraft:deepslate_lapis_ore":4,"minecraft:sculk_shrieker":4,"minecraft:bookshelf":14,"minecraft:packed_ice":16,"minecraft:stone":122,"minecraft:brown_mushroom":2,"minecraft:deepslate_brick_wall":6,"minecraft:snow_block":2,"minecraft:crafting_table":2,"minecraft:chest":1,"minecraft:sculk_sensor":11,"minecraft:tall_grass":1,"minecraft:cobblestone":15,"minecraft:sugar_cane":37,"minecraft:oak_planks":2,"minecraft:sculk":1069,"minecraft:diorite":13,"minecraft:seagrass":1,"minecraft:birch_log":4,"minecraft:ice":1,"minecraft:white_carpet":2,"minecraft:birch_leaves":3,"minecraft:tnt":4,"minecraft:grass":10,"minecraft:oak_log":31,"minecraft:coal_ore":105,"minecraft:gravel":38,"minecraft:sand":1,"minecraft:dirt":2,"minecraft:oak_leaves":7,"minecraft:deepslate":110},"minecraft:used":{"minecraft:iron_shovel":2,"minecraft:flint_and_steel":41,"minecraft:diamond_hoe":927,"minecraft:chest":3,"minecraft:shield":30,"minecraft:iron_sword":51,"minecraft:iron_chestplate":6,"minecraft:torch":2,"minecraft:carrot":1,"minecraft:tuff":20,"minecraft:granite":8,"minecraft:obsidian":3,"minecraft:iron_hoe":250,"minecraft:bookshelf":21,"minecraft:iron_axe":110,"minecraft:birch_sapling":1,"minecraft:iron_helmet":8,"minecraft:iron_boots":5,"minecraft:totem_of_undying":1,"minecraft:diamond_chestplate":1,"minecraft:oak_sapling":4,"minecraft:furnace":1,"minecraft:cobbled_deepslate":122,"minecraft:iron_leggings":1,"minecraft:deepslate_brick_wall":6,"minecraft:water_bucket":57,"minecraft:diorite":2,"minecraft:diamond_boots":1,"minecraft:oak_planks":4,"minecraft:tnt":5,"minecraft:crafting_table":7,"minecraft:diamond_pickaxe":374,"minecraft:bread":99,"minecraft:iron_pickaxe":266,"minecraft:gravel":36,"minecraft:diamond_sword":179,"minecraft:cobblestone":218,"minecraft:white_banner":1,"minecraft:bucket":57,"minecraft:smooth_stone":2,"minecraft:chainmail_leggings":4},"minecraft:picked_up":{"minecraft:crafting_table":2,"minecraft:iron_chestplate":12,"minecraft:brown_mushroom":2,"minecraft:diamond_sword":1,"minecraft:brewing_stand":1,"minecraft:shield":6,"minecraft:string":9,"minecraft:iron_axe":3,"minecraft:iron_leggings":3,"minecraft:iron_shovel":8,"minecraft:cobbled_deepslate":122,"minecraft:beef":51,"minecraft:iron_pickaxe":6,"minecraft:sugar_cane":99,"minecraft:chest":1,"minecraft:birch_sapling":8,"minecraft:furnace":1,"minecraft:iron_boots":8,"minecraft:stick":24,"minecraft:raw_iron":57,"minecraft:deepslate_brick_wall":6,"minecraft:torch":2,"minecraft:diorite":13,"minecraft:carrot":2,"minecraft:tnt":4,"minecraft:arrow":23,"minecraft:diamond_chestplate":1,"minecraft:rotten_flesh":15,"minecraft:hay_block":8,"minecraft:saddle":1,"minecraft:totem_of_undying":2,"minecraft:obsidian":4,"minecraft:snowball":8,"minecraft:cobblestone":136,"minecraft:birch_log":2,"minecraft:cooked_beef":3,"minecraft:golden_carrot":1,"minecraft:leather":22,"minecraft:golden_leggings":1,"minecraft:birch_planks":36,"minecraft:flint":2,"minecraft:tuff":20,"minecraft:oak_log":31,"minecraft:gunpowder":3,"minecraft:lapis_lazuli":26,"minecraft:map":1,"minecraft:dirt":44,"minecraft:white_banner":1,"minecraft:bone":17,"minecraft:kelp":2,"minecraft:bow":2,"minecraft:wheat_seeds":18,"minecraft:iron_sword":4,"minecraft:oak_planks":2,"minecraft:book":42,"minecraft:cooked_porkchop":1,"minecraft:gravel":36,"minecraft:spider_eye":1,"minecraft:diamond":57,"minecraft:chainmail_leggings":10,"minecraft:iron_helmet":12,"minecraft:crossbow":9,"minecraft:granite":8,"minecraft:bread":102,"minecraft:oak_sapling":14,"minecraft:coal":144},"minecraft:broken":{"minecraft:iron_pickaxe":1,"minecraft:iron_hoe":1},"minecraft:custom":{"minecraft:mob_kills":101,"minecraft:interact_with_crafting_table":16,"minecraft:leave_game":17,"minecraft:time_since_death":53239,"minecraft:climb_one_cm":1542,"minecraft:sprint_one_cm":719667,"minecraft:walk_one_cm":316229,"minecraft:damage_blocked_by_shield":2580,"minecraft:drop":39,"minecraft:raid_win":1,"minecraft:play_time":203897,"minecraft:deaths":11,"minecraft:sneak_time":16752,"minecraft:walk_under_water_one_cm":17522,"minecraft:interact_with_brewingstand":1,"minecraft:jump":5812,"minecraft:interact_with_blast_furnace":3,"minecraft:walk_on_water_one_cm":39159,"minecraft:enchant_item":1,"minecraft:total_world_time":203897,"minecraft:interact_with_furnace":15,"minecraft:sleep_in_bed":4,"minecraft:time_since_rest":53276,"minecraft:damage_taken":7434,"minecraft:damage_dealt":17684,"minecraft:player_kills":2,"minecraft:swim_one_cm":128719,"minecraft:fly_one_cm":1640354,"minecraft:open_chest":76,"minecraft:crouch_one_cm":39497,"minecraft:fall_one_cm":183339},"minecraft:crafted":{"minecraft:smooth_stone":5,"minecraft:oak_planks":124,"minecraft:diamond_hoe":1,"minecraft:furnace":1,"minecraft:blast_furnace":1,"minecraft:stone":5,"minecraft:bookshelf":21,"minecraft:flint_and_steel":2,"minecraft:diamond_helmet":1,"minecraft:diamond_leggings":1,"minecraft:iron_hoe":1,"minecraft:chest":1,"minecraft:diamond_boots":1,"minecraft:wheat":72,"minecraft:diamond_sword":1,"minecraft:crafting_table":5,"minecraft:spruce_planks":256,"minecraft:birch_planks":8,"minecraft:bread":21,"minecraft:air":0,"minecraft:book":36,"minecraft:paper":189,"minecraft:diamond_pickaxe":1,"minecraft:stick":8,"minecraft:iron_ingot":8,"minecraft:iron_pickaxe":1},"minecraft:killed_by":{"minecraft:creeper":1,"minecraft:vindicator":2,"minecraft:zombie":2,"minecraft:vex":4}},"DataVersion":3465}