{"stats":{"minecraft:dropped":{"minecraft:stone_hoe":1,"minecraft:water_bucket":2,"minecraft:bread":10,"minecraft:iron_sword":4,"minecraft:birch_planks":9,"minecraft:deepslate_brick_wall":8,"minecraft:diamond_leggings":1,"minecraft:poisonous_potato":1,"minecraft:crossbow":1,"minecraft:iron_helmet":2,"minecraft:granite":18,"minecraft:dirt":12,"minecraft:diorite":37,"minecraft:iron_axe":1,"minecraft:chainmail_leggings":2,"minecraft:string":3,"minecraft:dark_oak_planks":2,"minecraft:gravel":32,"minecraft:kelp":2,"minecraft:cobbled_deepslate":230,"minecraft:tuff":64,"minecraft:birch_sapling":1,"minecraft:rotten_flesh":8,"minecraft:iron_boots":1,"minecraft:carrot":2,"minecraft:shield":2,"minecraft:gunpowder":2,"minecraft:spruce_planks":1,"minecraft:iron_chestplate":3,"minecraft:andesite":45,"minecraft:spruce_log":1},"minecraft:killed":{"minecraft:witch":1,"minecraft:vindicator":4,"minecraft:skeleton":6,"minecraft:drowned":1,"minecraft:pig":1,"minecraft:pillager":3,"minecraft:zombie":3},"minecraft:mined":{"minecraft:dark_oak_planks":2,"minecraft:diamond_ore":2,"minecraft:tuff":190,"minecraft:spruce_planks":2,"minecraft:white_bed":3,"minecraft:deepslate_diamond_ore":196,"minecraft:cobbled_deepslate_stairs":6,"minecraft:sculk_vein":27,"minecraft:obsidian":3,"minecraft:granite":72,"minecraft:cobbled_deepslate_slab":14,"minecraft:grass_block":138,"minecraft:deepslate_bricks":26,"minecraft:deepslate_tile_stairs":3,"minecraft:kelp":3,"minecraft:smooth_stone":8,"minecraft:tall_seagrass":1,"minecraft:deepslate_brick_slab":66,"minecraft:raw_iron_block":1,"minecraft:furnace":17,"minecraft:carrots":126,"minecraft:iron_ore":149,"minecraft:fire":2,"minecraft:cobbled_deepslate":1094,"minecraft:andesite":164,"minecraft:deepslate_lapis_ore":6,"minecraft:enchanting_table":3,"minecraft:dirt_path":2,"minecraft:deepslate_iron_ore":86,"minecraft:deepslate_brick_stairs":4,"minecraft:packed_ice":23,"minecraft:stone":1148,"minecraft:glass_pane":1,"minecraft:kelp_plant":2,"minecraft:deepslate_brick_wall":55,"minecraft:torch":22,"minecraft:crafting_table":24,"minecraft:blast_furnace":7,"minecraft:chest":73,"minecraft:copper_ore":2,"minecraft:sculk_sensor":3,"minecraft:tall_grass":6,"minecraft:glass":17,"minecraft:cobblestone":262,"minecraft:lapis_ore":15,"minecraft:blue_bed":12,"minecraft:iron_door":3,"minecraft:bricks":1,"minecraft:sculk":514,"minecraft:wall_torch":7,"minecraft:diorite":85,"minecraft:birch_sapling":1,"minecraft:dark_oak_slab":1,"minecraft:birch_log":31,"minecraft:ice":2,"minecraft:wheat":2,"minecraft:spruce_log":1,"minecraft:birch_leaves":8,"minecraft:grass":7,"minecraft:coal_ore":208,"minecraft:gravel":41,"minecraft:sand":100,"minecraft:dirt":96,"minecraft:stonecutter":5,"minecraft:deepslate":1657},"minecraft:used":{"minecraft:enchanting_table":4,"minecraft:iron_shovel":249,"minecraft:flint_and_steel":7,"minecraft:chest":57,"minecraft:shield":61,"minecraft:iron_sword":153,"minecraft:rotten_flesh":1,"minecraft:stone_hoe":263,"minecraft:iron_chestplate":4,"minecraft:torch":92,"minecraft:dirt":163,"minecraft:carrot":237,"minecraft:diamond_helmet":1,"minecraft:deepslate_brick_slab":241,"minecraft:granite":52,"minecraft:obsidian":5,"minecraft:glass":94,"minecraft:iron_hoe":36,"minecraft:birch_sapling":8,"minecraft:bookshelf":8,"minecraft:iron_axe":133,"minecraft:iron_helmet":5,"minecraft:dark_oak_slab":1,"minecraft:iron_boots":4,"minecraft:diamond_chestplate":1,"minecraft:dark_oak_boat":8,"minecraft:oak_sapling":1,"minecraft:deepslate_tile_stairs":9,"minecraft:furnace":19,"minecraft:cobbled_deepslate":1454,"minecraft:iron_leggings":4,"minecraft:deepslate_brick_wall":332,"minecraft:wheat_seeds":2,"minecraft:cooked_mutton":13,"minecraft:water_bucket":113,"minecraft:diorite":45,"minecraft:diamond_boots":1,"minecraft:stone_pickaxe":133,"minecraft:wooden_pickaxe":101,"minecraft:blue_bed":12,"minecraft:stonecutter":6,"minecraft:deepslate_bricks":264,"minecraft:golden_apple":1,"minecraft:blast_furnace":9,"minecraft:sand":6,"minecraft:crafting_table":26,"minecraft:white_bed":4,"minecraft:cobbled_deepslate_stairs":39,"minecraft:deepslate_brick_stairs":34,"minecraft:diamond_pickaxe":1450,"minecraft:iron_pickaxe":3972,"minecraft:stone_button":4,"minecraft:bread":86,"minecraft:iron_door":5,"minecraft:gravel":1,"minecraft:cobblestone":1090,"minecraft:cobbled_deepslate_slab":33,"minecraft:andesite":130,"minecraft:poisonous_potato":1,"minecraft:bucket":114,"minecraft:glass_pane":94,"minecraft:diamond_leggings":1,"minecraft:bone_meal":57,"minecraft:chainmail_leggings":1},"minecraft:picked_up":{"minecraft:charcoal":2,"minecraft:iron_chestplate":12,"minecraft:crafting_table":27,"minecraft:wheat":6,"minecraft:chicken":5,"minecraft:wooden_pickaxe":2,"minecraft:shield":18,"minecraft:golden_sword":2,"minecraft:string":18,"minecraft:raw_copper":74,"minecraft:iron_axe":16,"minecraft:flint_and_steel":5,"minecraft:iron_leggings":12,"minecraft:iron_shovel":3,"minecraft:diamond_leggings":4,"minecraft:smooth_stone":10,"minecraft:cobbled_deepslate":2670,"minecraft:spruce_planks":7,"minecraft:calcite":2,"minecraft:iron_pickaxe":12,"minecraft:enchanted_golden_apple":2,"minecraft:sugar_cane":31,"minecraft:chest":91,"minecraft:birch_sapling":9,"minecraft:iron_boots":15,"minecraft:furnace":19,"minecraft:tipped_arrow":2,"minecraft:raw_iron":366,"minecraft:stick":69,"minecraft:deepslate_brick_wall":91,"minecraft:torch":43,"minecraft:fire_charge":2,"minecraft:porkchop":10,"minecraft:golden_axe":2,"minecraft:diorite":99,"minecraft:carrot":458,"minecraft:redstone":128,"minecraft:deepslate_tile_stairs":67,"minecraft:dark_oak_planks":2,"minecraft:arrow":7,"minecraft:rotten_flesh":39,"minecraft:diamond_chestplate":2,"minecraft:deepslate_bricks":26,"minecraft:diamond_boots":2,"minecraft:saddle":5,"minecraft:gold_ingot":38,"minecraft:deepslate_brick_stairs":4,"minecraft:obsidian":8,"minecraft:mutton":53,"minecraft:rail":3,"minecraft:white_wool":110,"minecraft:cobblestone":1648,"minecraft:enchanting_table":6,"minecraft:birch_log":31,"minecraft:feather":32,"minecraft:cooked_beef":128,"minecraft:iron_door":3,"minecraft:water_bucket":15,"minecraft:andesite":172,"minecraft:dark_oak_boat":9,"minecraft:golden_leggings":2,"minecraft:birch_planks":84,"minecraft:flint":14,"minecraft:tuff":116,"minecraft:cobbled_deepslate_stairs":40,"minecraft:gunpowder":5,"minecraft:lapis_lazuli":304,"minecraft:blue_bed":12,"minecraft:dirt":271,"minecraft:paper":102,"minecraft:white_banner":15,"minecraft:name_tag":1,"minecraft:coast_armor_trim_smithing_template":4,"minecraft:glass":7,"minecraft:bone":48,"minecraft:apple":1,"minecraft:kelp":2,"minecraft:bow":7,"minecraft:stonecutter":5,"minecraft:wheat_seeds":14,"minecraft:deepslate_brick_slab":79,"minecraft:raw_gold":5,"minecraft:cobbled_deepslate_slab":17,"minecraft:heart_of_the_sea":2,"minecraft:iron_ingot":261,"minecraft:stone_pickaxe":1,"minecraft:diamond_helmet":2,"minecraft:glowstone_dust":15,"minecraft:iron_sword":16,"minecraft:stone_hoe":6,"minecraft:oak_planks":59,"minecraft:book":50,"minecraft:smooth_basalt":1,"minecraft:dark_oak_slab":1,"minecraft:pumpkin":33,"minecraft:dandelion":1,"minecraft:raw_iron_block":2,"minecraft:gravel":33,"minecraft:sand":136,"minecraft:amethyst_shard":24,"minecraft:ink_sac":3,"minecraft:spruce_sapling":3,"minecraft:blast_furnace":9,"minecraft:white_bed":3,"minecraft:spruce_log":1,"minecraft:iron_hoe":1,"minecraft:diamond":716,"minecraft:chainmail_leggings":12,"minecraft:iron_helmet":16,"minecraft:crossbow":2,"minecraft:granite":70,"minecraft:bone_meal":75,"minecraft:golden_apple":10,"minecraft:emerald":23,"minecraft:golden_horse_armor":2,"minecraft:bread":513,"minecraft:oak_sapling":1,"minecraft:coal":718,"minecraft:diamond_pickaxe":9,"minecraft:ender_pearl":6},"minecraft:broken":{"minecraft:iron_shovel":1,"minecraft:stone_hoe":2,"minecraft:wooden_pickaxe":2,"minecraft:stone_pickaxe":1,"minecraft:iron_axe":1,"minecraft:iron_pickaxe":16},"minecraft:custom":{"minecraft:mob_kills":22,"minecraft:interact_with_crafting_table":78,"minecraft:leave_game":14,"minecraft:time_since_death":28954,"minecraft:sprint_one_cm":1225753,"minecraft:walk_one_cm":1939303,"minecraft:damage_blocked_by_shield":3760,"minecraft:drop":61,"minecraft:talked_to_villager":4,"minecraft:play_time":785202,"minecraft:sneak_time":62498,"minecraft:deaths":17,"minecraft:walk_under_water_one_cm":102707,"minecraft:boat_one_cm":220084,"minecraft:jump":7623,"minecraft:interact_with_brewingstand":1,"minecraft:interact_with_blast_furnace":33,"minecraft:walk_on_water_one_cm":114657,"minecraft:enchant_item":1,"minecraft:total_world_time":785202,"minecraft:interact_with_furnace":75,"minecraft:interact_with_stonecutter":25,"minecraft:sleep_in_bed":39,"minecraft:time_since_rest":28985,"minecraft:damage_taken":9869,"minecraft:damage_absorbed":40,"minecraft:damage_dealt":6036,"minecraft:swim_one_cm":165999,"minecraft:fly_one_cm":1472159,"minecraft:open_chest":553,"minecraft:crouch_one_cm":196827,"minecraft:fall_one_cm":133478},"minecraft:crafted":{"minecraft:furnace":4,"minecraft:stone_button":4,"minecraft:blast_furnace":2,"minecraft:stone":7,"minecraft:bookshelf":8,"minecraft:cooked_mutton":29,"minecraft:flint_and_steel":1,"minecraft:glass_pane":96,"minecraft:glass":123,"minecraft:bow":1,"minecraft:diamond_helmet":1,"minecraft:deepslate_brick_wall":1,"minecraft:diamond_leggings":1,"minecraft:iron_axe":2,"minecraft:stone_pickaxe":1,"minecraft:diamond_boots":1,"minecraft:cobbled_deepslate_stairs":3,"minecraft:iron_door":3,"minecraft:stone_hoe":2,"minecraft:crafting_table":3,"minecraft:iron_helmet":3,"minecraft:wooden_pickaxe":1,"minecraft:iron_sword":1,"minecraft:bucket":1,"minecraft:birch_planks":124,"minecraft:bread":7,"minecraft:air":0,"minecraft:iron_chestplate":3,"minecraft:diamond_pickaxe":1,"minecraft:shield":3,"minecraft:stick":36,"minecraft:iron_ingot":76,"minecraft:iron_pickaxe":18,"minecraft:iron_shovel":1,"minecraft:gold_ingot":5,"minecraft:stonecutter":1,"minecraft:white_bed":1,"minecraft:torch":44,"minecraft:diamond_chestplate":1},"minecraft:killed_by":{"minecraft:evoker":1,"minecraft:player":5,"minecraft:pillager":1,"minecraft:ravager":2,"minecraft:vindicator":4,"minecraft:warden":2,"minecraft:vex":1}},"DataVersion":3465}