{"stats":{"minecraft:dropped":{"minecraft:water_bucket":2,"minecraft:bread":10,"minecraft:iron_sword":4,"minecraft:birch_planks":9,"minecraft:deepslate_brick_wall":8,"minecraft:diamond_leggings":1,"minecraft:poisonous_potato":1,"minecraft:crossbow":1,"minecraft:iron_helmet":2,"minecraft:granite":18,"minecraft:dirt":12,"minecraft:diorite":37,"minecraft:iron_axe":1,"minecraft:chainmail_leggings":2,"minecraft:string":3,"minecraft:dark_oak_planks":2,"minecraft:gravel":32,"minecraft:kelp":2,"minecraft:cobbled_deepslate":230,"minecraft:tuff":64,"minecraft:birch_sapling":1,"minecraft:rotten_flesh":1,"minecraft:iron_boots":1,"minecraft:carrot":2,"minecraft:shield":2,"minecraft:gunpowder":2,"minecraft:spruce_planks":1,"minecraft:iron_chestplate":3,"minecraft:andesite":45,"minecraft:spruce_log":1},"minecraft:killed":{"minecraft:witch":1,"minecraft:vindicator":4,"minecraft:drowned":1,"minecraft:pig":1,"minecraft:pillager":3,"minecraft:zombie":2},"minecraft:mined":{"minecraft:dark_oak_planks":2,"minecraft:diamond_ore":2,"minecraft:tuff":190,"minecraft:spruce_planks":2,"minecraft:white_bed":3,"minecraft:deepslate_diamond_ore":196,"minecraft:cobbled_deepslate_stairs":6,"minecraft:granite":72,"minecraft:cobbled_deepslate_slab":14,"minecraft:grass_block":134,"minecraft:deepslate_bricks":26,"minecraft:deepslate_tile_stairs":3,"minecraft:kelp":3,"minecraft:smooth_stone":8,"minecraft:tall_seagrass":1,"minecraft:deepslate_brick_slab":66,"minecraft:raw_iron_block":1,"minecraft:furnace":17,"minecraft:carrots":126,"minecraft:iron_ore":146,"minecraft:fire":2,"minecraft:cobbled_deepslate":1092,"minecraft:andesite":158,"minecraft:deepslate_lapis_ore":6,"minecraft:enchanting_table":3,"minecraft:dirt_path":2,"minecraft:deepslate_iron_ore":82,"minecraft:deepslate_brick_stairs":4,"minecraft:packed_ice":23,"minecraft:stone":1147,"minecraft:glass_pane":1,"minecraft:kelp_plant":2,"minecraft:deepslate_brick_wall":55,"minecraft:torch":21,"minecraft:crafting_table":24,"minecraft:blast_furnace":7,"minecraft:chest":73,"minecraft:copper_ore":2,"minecraft:sculk_sensor":2,"minecraft:tall_grass":6,"minecraft:glass":17,"minecraft:cobblestone":262,"minecraft:lapis_ore":15,"minecraft:blue_bed":12,"minecraft:iron_door":2,"minecraft:bricks":1,"minecraft:sculk":4,"minecraft:wall_torch":4,"minecraft:diorite":83,"minecraft:birch_sapling":1,"minecraft:dark_oak_slab":1,"minecraft:birch_log":31,"minecraft:ice":2,"minecraft:wheat":2,"minecraft:spruce_log":1,"minecraft:birch_leaves":8,"minecraft:grass":7,"minecraft:coal_ore":207,"minecraft:gravel":41,"minecraft:sand":100,"minecraft:dirt":96,"minecraft:stonecutter":5,"minecraft:deepslate":1627},"minecraft:used":{"minecraft:enchanting_table":4,"minecraft:iron_shovel":249,"minecraft:flint_and_steel":1,"minecraft:chest":57,"minecraft:shield":29,"minecraft:iron_sword":92,"minecraft:rotten_flesh":1,"minecraft:stone_hoe":1,"minecraft:iron_chestplate":4,"minecraft:torch":86,"minecraft:dirt":163,"minecraft:carrot":205,"minecraft:diamond_helmet":1,"minecraft:deepslate_brick_slab":241,"minecraft:granite":52,"minecraft:obsidian":3,"minecraft:glass":94,"minecraft:iron_hoe":36,"minecraft:birch_sapling":8,"minecraft:bookshelf":8,"minecraft:iron_axe":123,"minecraft:iron_helmet":5,"minecraft:dark_oak_slab":1,"minecraft:iron_boots":4,"minecraft:diamond_chestplate":1,"minecraft:dark_oak_boat":8,"minecraft:oak_sapling":1,"minecraft:deepslate_tile_stairs":9,"minecraft:furnace":19,"minecraft:cobbled_deepslate":1451,"minecraft:iron_leggings":4,"minecraft:deepslate_brick_wall":332,"minecraft:wheat_seeds":2,"minecraft:cooked_mutton":13,"minecraft:water_bucket":103,"minecraft:diorite":45,"minecraft:diamond_boots":1,"minecraft:stone_pickaxe":133,"minecraft:wooden_pickaxe":101,"minecraft:blue_bed":12,"minecraft:stonecutter":6,"minecraft:deepslate_bricks":259,"minecraft:golden_apple":1,"minecraft:blast_furnace":9,"minecraft:sand":6,"minecraft:crafting_table":26,"minecraft:white_bed":4,"minecraft:cobbled_deepslate_stairs":39,"minecraft:deepslate_brick_stairs":34,"minecraft:diamond_pickaxe":1392,"minecraft:iron_pickaxe":3972,"minecraft:stone_button":4,"minecraft:bread":73,"minecraft:iron_door":4,"minecraft:gravel":1,"minecraft:cobblestone":1089,"minecraft:cobbled_deepslate_slab":33,"minecraft:andesite":99,"minecraft:poisonous_potato":1,"minecraft:bucket":104,"minecraft:glass_pane":94,"minecraft:diamond_leggings":1,"minecraft:bone_meal":57,"minecraft:chainmail_leggings":1},"minecraft:picked_up":{"minecraft:iron_chestplate":12,"minecraft:charcoal":2,"minecraft:crafting_table":27,"minecraft:wheat":6,"minecraft:chicken":5,"minecraft:wooden_pickaxe":2,"minecraft:shield":17,"minecraft:golden_sword":2,"minecraft:string":18,"minecraft:raw_copper":74,"minecraft:iron_axe":15,"minecraft:flint_and_steel":4,"minecraft:iron_leggings":12,"minecraft:iron_shovel":3,"minecraft:diamond_leggings":3,"minecraft:cobbled_deepslate":2637,"minecraft:smooth_stone":10,"minecraft:spruce_planks":7,"minecraft:calcite":2,"minecraft:iron_pickaxe":12,"minecraft:enchanted_golden_apple":2,"minecraft:sugar_cane":31,"minecraft:chest":91,"minecraft:birch_sapling":9,"minecraft:iron_boots":15,"minecraft:furnace":19,"minecraft:tipped_arrow":2,"minecraft:stick":65,"minecraft:raw_iron":359,"minecraft:deepslate_brick_wall":91,"minecraft:torch":34,"minecraft:fire_charge":2,"minecraft:porkchop":10,"minecraft:golden_axe":2,"minecraft:diorite":97,"minecraft:carrot":443,"minecraft:redstone":128,"minecraft:deepslate_tile_stairs":67,"minecraft:dark_oak_planks":2,"minecraft:diamond_chestplate":1,"minecraft:arrow":3,"minecraft:rotten_flesh":32,"minecraft:diamond_boots":1,"minecraft:deepslate_bricks":26,"minecraft:saddle":5,"minecraft:gold_ingot":38,"minecraft:deepslate_brick_stairs":4,"minecraft:obsidian":6,"minecraft:mutton":53,"minecraft:rail":3,"minecraft:white_wool":110,"minecraft:cobblestone":1647,"minecraft:birch_log":31,"minecraft:enchanting_table":6,"minecraft:feather":32,"minecraft:cooked_beef":128,"minecraft:iron_door":2,"minecraft:water_bucket":14,"minecraft:andesite":149,"minecraft:dark_oak_boat":9,"minecraft:golden_leggings":2,"minecraft:birch_planks":84,"minecraft:flint":14,"minecraft:tuff":116,"minecraft:cobbled_deepslate_stairs":40,"minecraft:gunpowder":5,"minecraft:lapis_lazuli":304,"minecraft:blue_bed":12,"minecraft:dirt":263,"minecraft:paper":102,"minecraft:white_banner":15,"minecraft:name_tag":1,"minecraft:coast_armor_trim_smithing_template":4,"minecraft:glass":7,"minecraft:bone":41,"minecraft:apple":1,"minecraft:kelp":2,"minecraft:bow":6,"minecraft:stonecutter":5,"minecraft:wheat_seeds":14,"minecraft:deepslate_brick_slab":79,"minecraft:raw_gold":5,"minecraft:cobbled_deepslate_slab":17,"minecraft:heart_of_the_sea":2,"minecraft:iron_ingot":261,"minecraft:stone_pickaxe":1,"minecraft:diamond_helmet":1,"minecraft:glowstone_dust":15,"minecraft:iron_sword":15,"minecraft:stone_hoe":5,"minecraft:oak_planks":59,"minecraft:book":50,"minecraft:smooth_basalt":1,"minecraft:dark_oak_slab":1,"minecraft:pumpkin":33,"minecraft:raw_iron_block":2,"minecraft:gravel":33,"minecraft:sand":136,"minecraft:amethyst_shard":24,"minecraft:ink_sac":3,"minecraft:spruce_sapling":3,"minecraft:blast_furnace":9,"minecraft:white_bed":3,"minecraft:spruce_log":1,"minecraft:iron_hoe":1,"minecraft:diamond":716,"minecraft:chainmail_leggings":12,"minecraft:iron_helmet":16,"minecraft:crossbow":2,"minecraft:granite":70,"minecraft:bone_meal":75,"minecraft:golden_apple":10,"minecraft:emerald":23,"minecraft:golden_horse_armor":2,"minecraft:bread":489,"minecraft:oak_sapling":1,"minecraft:coal":717,"minecraft:diamond_pickaxe":8,"minecraft:ender_pearl":6},"minecraft:broken":{"minecraft:iron_shovel":1,"minecraft:wooden_pickaxe":2,"minecraft:stone_pickaxe":1,"minecraft:iron_axe":1,"minecraft:iron_pickaxe":16},"minecraft:custom":{"minecraft:mob_kills":15,"minecraft:interact_with_crafting_table":77,"minecraft:leave_game":11,"minecraft:time_since_death":6159,"minecraft:sprint_one_cm":1080586,"minecraft:walk_one_cm":1816017,"minecraft:damage_blocked_by_shield":2093,"minecraft:drop":53,"minecraft:talked_to_villager":4,"minecraft:play_time":744388,"minecraft:sneak_time":60987,"minecraft:deaths":16,"minecraft:walk_under_water_one_cm":101691,"minecraft:boat_one_cm":220084,"minecraft:jump":6815,"minecraft:interact_with_brewingstand":1,"minecraft:interact_with_blast_furnace":33,"minecraft:walk_on_water_one_cm":102962,"minecraft:enchant_item":1,"minecraft:total_world_time":744388,"minecraft:interact_with_furnace":75,"minecraft:interact_with_stonecutter":25,"minecraft:sleep_in_bed":37,"minecraft:time_since_rest":6185,"minecraft:damage_taken":8470,"minecraft:damage_absorbed":40,"minecraft:damage_dealt":4218,"minecraft:swim_one_cm":164640,"minecraft:fly_one_cm":1321688,"minecraft:open_chest":544,"minecraft:crouch_one_cm":193284,"minecraft:fall_one_cm":116860},"minecraft:crafted":{"minecraft:furnace":4,"minecraft:stone_button":4,"minecraft:blast_furnace":2,"minecraft:stone":7,"minecraft:bookshelf":8,"minecraft:cooked_mutton":29,"minecraft:flint_and_steel":1,"minecraft:glass_pane":96,"minecraft:glass":123,"minecraft:bow":1,"minecraft:diamond_helmet":1,"minecraft:deepslate_brick_wall":1,"minecraft:diamond_leggings":1,"minecraft:iron_axe":2,"minecraft:stone_pickaxe":1,"minecraft:diamond_boots":1,"minecraft:cobbled_deepslate_stairs":3,"minecraft:iron_door":3,"minecraft:crafting_table":3,"minecraft:iron_helmet":3,"minecraft:wooden_pickaxe":1,"minecraft:iron_sword":1,"minecraft:bucket":1,"minecraft:birch_planks":124,"minecraft:bread":7,"minecraft:air":0,"minecraft:iron_chestplate":3,"minecraft:diamond_pickaxe":1,"minecraft:shield":3,"minecraft:stick":36,"minecraft:iron_ingot":76,"minecraft:iron_pickaxe":18,"minecraft:iron_shovel":1,"minecraft:gold_ingot":5,"minecraft:stonecutter":1,"minecraft:white_bed":1,"minecraft:torch":44,"minecraft:diamond_chestplate":1},"minecraft:killed_by":{"minecraft:evoker":1,"minecraft:player":4,"minecraft:pillager":1,"minecraft:ravager":2,"minecraft:vindicator":4,"minecraft:warden":2,"minecraft:vex":1}},"DataVersion":3465}