{"stats":{"minecraft:picked_up":{"minecraft:wooden_sword":1,"minecraft:stick":3,"minecraft:crafting_table":2,"minecraft:spruce_planks":20,"minecraft:spruce_log":6,"minecraft:coal":10,"minecraft:dirt":3,"minecraft:cobblestone":30},"minecraft:crafted":{"minecraft:crafting_table":1,"minecraft:spruce_planks":16,"minecraft:stick":4,"minecraft:stone_pickaxe":1,"minecraft:wooden_pickaxe":1,"minecraft:wooden_axe":1},"minecraft:dropped":{"minecraft:spruce_log":2,"minecraft:spruce_planks":19},"minecraft:mined":{"minecraft:coal_ore":10,"minecraft:dirt":3,"minecraft:spruce_leaves":4,"minecraft:spruce_log":7,"minecraft:stone":33,"minecraft:crafting_table":1},"minecraft:custom":{"minecraft:time_since_rest":4549,"minecraft:crouch_one_cm":8,"minecraft:play_time":8654,"minecraft:sprint_one_cm":11467,"minecraft:deaths":1,"minecraft:damage_taken":349,"minecraft:walk_one_cm":13238,"minecraft:sneak_time":19,"minecraft:walk_under_water_one_cm":934,"minecraft:drop":2,"minecraft:jump":96,"minecraft:damage_dealt":3,"minecraft:time_since_death":4523,"minecraft:leave_game":2,"minecraft:walk_on_water_one_cm":224,"minecraft:total_world_time":8654,"minecraft:interact_with_crafting_table":6,"minecraft:fall_one_cm":1941,"minecraft:fly_one_cm":25842,"minecraft:player_kills":1},"minecraft:killed_by":{"minecraft:player":1},"minecraft:used":{"minecraft:wooden_axe":7,"minecraft:dirt":1,"minecraft:crafting_table":1,"minecraft:wooden_pickaxe":46}},"DataVersion":3465}