{"stats":{"minecraft:picked_up":{"minecraft:crafting_table":2,"minecraft:iron_chestplate":1,"minecraft:wheat":59,"minecraft:chicken":39,"minecraft:brown_mushroom":4,"minecraft:shield":1,"minecraft:cornflower":1,"minecraft:flint_and_steel":1,"minecraft:diamond_leggings":1,"minecraft:cobbled_deepslate":282,"minecraft:beef":9,"minecraft:oak_boat":1,"minecraft:calcite":2,"minecraft:light_gray_wool":2,"minecraft:sugar_cane":48,"minecraft:birch_sapling":1,"minecraft:egg":16,"minecraft:furnace":4,"minecraft:stick":30,"minecraft:raw_iron":31,"minecraft:torch":24,"minecraft:porkchop":47,"minecraft:diorite":36,"minecraft:redstone":57,"minecraft:arrow":23,"minecraft:rotten_flesh":28,"minecraft:hay_block":10,"minecraft:mutton":39,"minecraft:white_wool":21,"minecraft:cobblestone":90,"minecraft:birch_log":14,"minecraft:enchanting_table":1,"minecraft:feather":31,"minecraft:cooked_beef":5,"minecraft:water_bucket":1,"minecraft:andesite":12,"minecraft:leather":23,"minecraft:tuff":19,"minecraft:oak_log":239,"minecraft:gunpowder":2,"minecraft:dirt":67,"minecraft:lapis_lazuli":28,"minecraft:blue_bed":1,"minecraft:cooked_mutton":12,"minecraft:bone":2,"minecraft:apple":1,"minecraft:wheat_seeds":32,"minecraft:raw_gold":5,"minecraft:stone_pickaxe":1,"minecraft:iron_ingot":19,"minecraft:cooked_chicken":1,"minecraft:iron_sword":1,"minecraft:oak_planks":4,"minecraft:smooth_basalt":1,"minecraft:cooked_porkchop":6,"minecraft:birch_boat":7,"minecraft:sweet_berries":29,"minecraft:amethyst_shard":24,"minecraft:white_bed":9,"minecraft:spider_eye":2,"minecraft:diamond":3,"minecraft:chainmail_leggings":5,"minecraft:gray_wool":1,"minecraft:oak_sapling":42,"minecraft:black_wool":2,"minecraft:coal":172,"minecraft:diamond_pickaxe":1},"minecraft:killed":{"minecraft:witch":1,"minecraft:skeleton":2,"minecraft:horse":13,"minecraft:chicken":25,"minecraft:turtle":1,"minecraft:pig":26,"minecraft:polar_bear":1,"minecraft:sheep":24,"minecraft:zombie":18,"minecraft:cow":6},"minecraft:used":{"minecraft:shield":14,"minecraft:iron_sword":324,"minecraft:cooked_chicken":10,"minecraft:rotten_flesh":8,"minecraft:iron_chestplate":1,"minecraft:torch":113,"minecraft:dirt":9,"minecraft:lava_bucket":1,"minecraft:iron_axe":354,"minecraft:iron_helmet":1,"minecraft:iron_boots":1,"minecraft:bow":1,"minecraft:sweet_berries":14,"minecraft:oak_sapling":34,"minecraft:furnace":3,"minecraft:cooked_beef":1,"minecraft:iron_leggings":2,"minecraft:cooked_mutton":10,"minecraft:water_bucket":39,"minecraft:birch_planks":2,"minecraft:oak_planks":2,"minecraft:stone_pickaxe":25,"minecraft:wooden_pickaxe":8,"minecraft:birch_boat":6,"minecraft:blue_bed":2,"minecraft:crafting_table":2,"minecraft:white_bed":8,"minecraft:oak_log":10,"minecraft:iron_pickaxe":623,"minecraft:diamond_sword":3,"minecraft:cobblestone":58,"minecraft:cooked_porkchop":14,"minecraft:bucket":41,"minecraft:gray_wool":1,"minecraft:diamond_leggings":1},"minecraft:mined":{"minecraft:large_amethyst_bud":1,"minecraft:tuff":20,"minecraft:white_bed":9,"minecraft:oak_sapling":14,"minecraft:deepslate_diamond_ore":2,"minecraft:glow_lichen":5,"minecraft:grass_block":9,"minecraft:spruce_leaves":7,"minecraft:hay_block":11,"minecraft:furnace":4,"minecraft:iron_ore":15,"minecraft:andesite":7,"minecraft:deepslate_lapis_ore":5,"minecraft:dirt_path":1,"minecraft:deepslate_iron_ore":16,"minecraft:stone":81,"minecraft:deepslate_redstone_ore":13,"minecraft:brown_mushroom":2,"minecraft:medium_amethyst_bud":1,"minecraft:amethyst_cluster":7,"minecraft:dandelion":1,"minecraft:crafting_table":2,"minecraft:cornflower":1,"minecraft:torch":6,"minecraft:calcite":4,"minecraft:tall_grass":4,"minecraft:cobblestone":1,"minecraft:deepslate_gold_ore":5,"minecraft:sugar_cane":20,"minecraft:oak_planks":2,"minecraft:diorite":33,"minecraft:blue_bed":1,"minecraft:wall_torch":10,"minecraft:amethyst_block":2,"minecraft:birch_log":13,"minecraft:sweet_berry_bush":3,"minecraft:ice":2,"minecraft:birch_leaves":7,"minecraft:grass":74,"minecraft:oak_log":240,"minecraft:coal_ore":107,"minecraft:dirt":6,"minecraft:smooth_basalt":1,"minecraft:oak_leaves":54,"minecraft:deepslate":309},"minecraft:dropped":{"minecraft:water_bucket":1,"minecraft:iron_sword":2,"minecraft:diamond":1,"minecraft:cooked_porkchop":3,"minecraft:diamond_leggings":1,"minecraft:cobblestone":4,"minecraft:stick":110,"minecraft:flint":1,"minecraft:dirt":26,"minecraft:diorite":17,"minecraft:birch_log":2,"minecraft:furnace":1,"minecraft:sweet_berries":15,"minecraft:cooked_chicken":1,"minecraft:cobbled_deepslate":227,"minecraft:tuff":17,"minecraft:birch_sapling":1,"minecraft:rotten_flesh":3,"minecraft:light_gray_wool":1,"minecraft:oak_planks":1,"minecraft:cooked_mutton":4,"minecraft:diamond_pickaxe":1,"minecraft:andesite":7,"minecraft:beef":7,"minecraft:enchanting_table":1},"minecraft:broken":{"minecraft:iron_axe":1,"minecraft:iron_pickaxe":2,"minecraft:iron_sword":1},"minecraft:custom":{"minecraft:mob_kills":119,"minecraft:interact_with_crafting_table":38,"minecraft:bell_ring":2,"minecraft:leave_game":4,"minecraft:time_since_death":237344,"minecraft:sprint_one_cm":389217,"minecraft:walk_one_cm":1086069,"minecraft:damage_blocked_by_shield":555,"minecraft:drop":53,"minecraft:talked_to_villager":5,"minecraft:play_time":237344,"minecraft:sneak_time":1102,"minecraft:walk_under_water_one_cm":16016,"minecraft:boat_one_cm":342568,"minecraft:jump":3431,"minecraft:interact_with_blast_furnace":2,"minecraft:walk_on_water_one_cm":25442,"minecraft:total_world_time":237344,"minecraft:interact_with_furnace":49,"minecraft:sleep_in_bed":13,"minecraft:time_since_rest":3576,"minecraft:damage_taken":2047,"minecraft:damage_dealt":14458,"minecraft:player_kills":1,"minecraft:swim_one_cm":45230,"minecraft:fly_one_cm":471171,"minecraft:open_chest":46,"minecraft:crouch_one_cm":3255,"minecraft:fall_one_cm":76402},"minecraft:crafted":{"minecraft:oak_planks":796,"minecraft:birch_boat":1,"minecraft:cooked_chicken":24,"minecraft:cooked_mutton":29,"minecraft:iron_boots":1,"minecraft:iron_axe":2,"minecraft:stone_pickaxe":1,"minecraft:cooked_beef":5,"minecraft:diamond_sword":1,"minecraft:cooked_porkchop":66,"minecraft:crafting_table":2,"minecraft:iron_helmet":1,"minecraft:wooden_pickaxe":1,"minecraft:iron_sword":2,"minecraft:blue_bed":1,"minecraft:bucket":1,"minecraft:birch_planks":48,"minecraft:air":0,"minecraft:blue_dye":1,"minecraft:diamond_pickaxe":1,"minecraft:stick":134,"minecraft:iron_ingot":50,"minecraft:iron_pickaxe":4,"minecraft:iron_leggings":1,"minecraft:torch":120}},"DataVersion":3465}