{"stats":{"minecraft:mined":{"minecraft:dark_oak_planks":6,"minecraft:spruce_planks":2,"minecraft:white_bed":16,"minecraft:oak_sapling":3,"minecraft:obsidian":5,"minecraft:granite":4,"minecraft:grass_block":28,"minecraft:spawner":1,"minecraft:raw_iron_block":2,"minecraft:iron_ore":58,"minecraft:fire":11,"minecraft:fletching_table":5,"minecraft:deepslate_lapis_ore":3,"minecraft:sculk_shrieker":3,"minecraft:dirt_path":7,"minecraft:white_banner":1,"minecraft:deepslate_redstone_ore":3,"minecraft:deepslate_brick_wall":1,"minecraft:torch":3,"minecraft:blast_furnace":4,"minecraft:poppy":1,"minecraft:chest":2,"minecraft:cobblestone":6,"minecraft:sugar_cane":167,"minecraft:oak_planks":8,"minecraft:wall_torch":2,"minecraft:birch_log":11,"minecraft:grass":316,"minecraft:oak_log":51,"minecraft:sand":3,"minecraft:dirt":35,"minecraft:oak_leaves":13,"minecraft:deepslate":58,"minecraft:tuff":13,"minecraft:deepslate_diamond_ore":14,"minecraft:dark_oak_log":24,"minecraft:glow_lichen":1,"minecraft:cobbled_deepslate_slab":2,"minecraft:spruce_leaves":64,"minecraft:kelp":1,"minecraft:large_fern":13,"minecraft:hay_block":12,"minecraft:spruce_sapling":1,"minecraft:furnace":2,"minecraft:carrots":5,"minecraft:andesite":10,"minecraft:gold_block":1,"minecraft:bell":2,"minecraft:bookshelf":8,"minecraft:deepslate_iron_ore":48,"minecraft:packed_ice":1,"minecraft:stone":144,"minecraft:glass_pane":1,"minecraft:dandelion":1,"minecraft:crafting_table":8,"minecraft:sculk_sensor":40,"minecraft:lectern":16,"minecraft:campfire":1,"minecraft:tall_grass":50,"minecraft:lapis_ore":5,"minecraft:deepslate_gold_ore":12,"minecraft:sculk":32,"minecraft:diorite":1,"minecraft:blue_bed":2,"minecraft:ice":9,"minecraft:spruce_log":335,"minecraft:birch_leaves":4,"minecraft:white_wall_banner":1,"minecraft:coal_ore":57,"minecraft:gravel":13,"minecraft:stone_bricks":1,"minecraft:gold_ore":3,"minecraft:fern":4},"minecraft:broken":{"minecraft:iron_shovel":1,"minecraft:iron_sword":1,"minecraft:flint_and_steel":1,"minecraft:iron_axe":2},"minecraft:dropped":{"minecraft:iron_sword":1,"minecraft:oak_log":4,"minecraft:glow_ink_sac":3,"minecraft:diamond":65,"minecraft:crafting_table":2,"minecraft:emerald":1,"minecraft:dirt":2,"minecraft:cornflower":1,"minecraft:bone_meal":57,"minecraft:iron_pickaxe":1,"minecraft:gravel":4,"minecraft:stone_axe":2,"minecraft:cobbled_deepslate":4,"minecraft:birch_sapling":2,"minecraft:rotten_flesh":38,"minecraft:cooked_mutton":12,"minecraft:white_bed":3,"minecraft:poppy":3,"minecraft:leather_chestplate":2,"minecraft:gunpowder":3,"minecraft:arrow":26,"minecraft:enchanting_table":1,"minecraft:lectern":2,"minecraft:iron_ingot":4,"minecraft:bread":146,"minecraft:wheat_seeds":22,"minecraft:diamond_leggings":2,"minecraft:cobblestone":2,"minecraft:iron_helmet":4,"minecraft:feather":3,"minecraft:book":25,"minecraft:chainmail_helmet":12,"minecraft:golden_apple":2,"minecraft:stick":1,"minecraft:diorite":7,"minecraft:golden_carrot":1,"minecraft:torch":4,"minecraft:iron_leggings":1,"minecraft:pumpkin":11,"minecraft:iron_axe":2,"minecraft:chainmail_leggings":6,"minecraft:iron_shovel":2,"minecraft:paper":82,"minecraft:string":1,"minecraft:spruce_sapling":3,"minecraft:redstone":2,"minecraft:tuff":1,"minecraft:iron_boots":2,"minecraft:filled_map":1,"minecraft:potato":1,"minecraft:shield":3,"minecraft:diamond_chestplate":4,"minecraft:iron_chestplate":4,"minecraft:golden_leggings":1,"minecraft:spider_eye":5,"minecraft:bow":1,"minecraft:stone_pickaxe":2},"minecraft:picked_up":{"minecraft:iron_chestplate":20,"minecraft:wheat":43,"minecraft:golden_sword":1,"minecraft:string":9,"minecraft:raw_copper":23,"minecraft:iron_leggings":2,"minecraft:diamond_leggings":9,"minecraft:cobbled_deepslate":65,"minecraft:bucket":1,"minecraft:spruce_planks":12,"minecraft:iron_pickaxe":8,"minecraft:furnace":3,"minecraft:iron_boots":5,"minecraft:tipped_arrow":2,"minecraft:stick":143,"minecraft:deepslate_brick_wall":1,"minecraft:torch":11,"minecraft:porkchop":12,"minecraft:golden_axe":1,"minecraft:diorite":11,"minecraft:rotten_flesh":72,"minecraft:obsidian":8,"minecraft:cod":1,"minecraft:cobblestone":410,"minecraft:enchanting_table":1,"minecraft:birch_log":12,"minecraft:leather_chestplate":2,"minecraft:cooked_beef":43,"minecraft:feather":35,"minecraft:water_bucket":8,"minecraft:andesite":17,"minecraft:dark_oak_boat":4,"minecraft:golden_leggings":9,"minecraft:potato":2,"minecraft:flint":9,"minecraft:tuff":14,"minecraft:lapis_lazuli":75,"minecraft:dirt":140,"minecraft:name_tag":1,"minecraft:bone":47,"minecraft:bow":5,"minecraft:wheat_seeds":50,"minecraft:raw_gold":15,"minecraft:cobbled_deepslate_slab":4,"minecraft:bell":2,"minecraft:fletching_table":5,"minecraft:glowstone_dust":18,"minecraft:oak_planks":52,"minecraft:cooked_porkchop":3,"minecraft:sand":38,"minecraft:dark_oak_log":24,"minecraft:iron_hoe":2,"minecraft:diamond":79,"minecraft:spruce_boat":2,"minecraft:crossbow":8,"minecraft:granite":4,"minecraft:golden_apple":6,"minecraft:emerald":22,"minecraft:chainmail_helmet":3,"minecraft:bread":201,"minecraft:oak_sapling":18,"minecraft:diamond_pickaxe":4,"minecraft:charcoal":4,"minecraft:crafting_table":10,"minecraft:chicken":7,"minecraft:wooden_pickaxe":2,"minecraft:gold_block":1,"minecraft:shield":15,"minecraft:cornflower":2,"minecraft:iron_axe":9,"minecraft:flint_and_steel":11,"minecraft:iron_shovel":11,"minecraft:beef":24,"minecraft:oak_boat":2,"minecraft:poppy":3,"minecraft:light_gray_wool":1,"minecraft:lectern":18,"minecraft:sugar_cane":311,"minecraft:chest":5,"minecraft:birch_sapling":2,"minecraft:egg":2,"minecraft:raw_iron":106,"minecraft:carrot":47,"minecraft:redstone":75,"minecraft:dark_oak_planks":7,"minecraft:arrow":76,"minecraft:diamond_chestplate":3,"minecraft:diamond_boots":8,"minecraft:hay_block":51,"minecraft:totem_of_undying":2,"minecraft:mutton":38,"minecraft:white_wool":52,"minecraft:rail":1,"minecraft:golden_carrot":223,"minecraft:glow_ink_sac":5,"minecraft:salmon":1,"minecraft:leather":35,"minecraft:birch_planks":129,"minecraft:oak_log":55,"minecraft:gunpowder":6,"minecraft:blue_bed":2,"minecraft:paper":64,"minecraft:white_banner":9,"minecraft:cooked_mutton":4,"minecraft:coast_armor_trim_smithing_template":2,"minecraft:heart_of_the_sea":1,"minecraft:stone_pickaxe":1,"minecraft:iron_ingot":84,"minecraft:glass_bottle":2,"minecraft:iron_sword":10,"minecraft:book":28,"minecraft:pumpkin":22,"minecraft:sweet_berries":15,"minecraft:raw_iron_block":2,"minecraft:gravel":20,"minecraft:spruce_sapling":27,"minecraft:blast_furnace":7,"minecraft:white_bed":21,"minecraft:spruce_log":399,"minecraft:spider_eye":16,"minecraft:stone_axe":1,"minecraft:chainmail_leggings":1,"minecraft:iron_helmet":14,"minecraft:black_wool":1,"minecraft:coal":76,"minecraft:ender_pearl":3},"minecraft:used":{"minecraft:iron_shovel":5,"minecraft:chest":38,"minecraft:shield":91,"minecraft:iron_sword":149,"minecraft:stone":1,"minecraft:bell":2,"minecraft:rotten_flesh":1,"minecraft:iron_chestplate":7,"minecraft:carrot":21,"minecraft:tuff":13,"minecraft:spruce_boat":4,"minecraft:lava_bucket":18,"minecraft:iron_helmet":3,"minecraft:stone_bricks":1,"minecraft:bow":11,"minecraft:dark_oak_boat":3,"minecraft:sweet_berries":15,"minecraft:oak_sapling":18,"minecraft:furnace":4,"minecraft:egg":2,"minecraft:deepslate_brick_wall":1,"minecraft:diorite":4,"minecraft:diamond_boots":2,"minecraft:oak_planks":113,"minecraft:stone_pickaxe":57,"minecraft:wooden_pickaxe":19,"minecraft:sugar_cane":23,"minecraft:blue_bed":2,"minecraft:golden_apple":5,"minecraft:blast_furnace":6,"minecraft:crossbow":4,"minecraft:bread":75,"minecraft:lectern":15,"minecraft:gravel":15,"minecraft:andesite":12,"minecraft:oak_boat":3,"minecraft:bone_meal":36,"minecraft:oak_trapdoor":2,"minecraft:flint_and_steel":72,"minecraft:spruce_planks":38,"minecraft:cooked_chicken":3,"minecraft:torch":64,"minecraft:dirt":85,"minecraft:granite":4,"minecraft:iron_hoe":32,"minecraft:dark_oak_planks":36,"minecraft:bookshelf":8,"minecraft:iron_axe":799,"minecraft:iron_boots":1,"minecraft:diamond_chestplate":1,"minecraft:light_gray_wool":1,"minecraft:golden_carrot":47,"minecraft:cooked_beef":19,"minecraft:cobbled_deepslate":61,"minecraft:iron_leggings":2,"minecraft:cooked_mutton":10,"minecraft:water_bucket":143,"minecraft:birch_planks":28,"minecraft:fletching_table":6,"minecraft:salmon":1,"minecraft:crafting_table":13,"minecraft:white_bed":21,"minecraft:campfire":1,"minecraft:cod":1,"minecraft:black_wool":1,"minecraft:cornflower":1,"minecraft:diamond_pickaxe":332,"minecraft:iron_pickaxe":132,"minecraft:spruce_sapling":21,"minecraft:golden_leggings":2,"minecraft:stone_axe":66,"minecraft:cobblestone":120,"minecraft:cobbled_deepslate_slab":4,"minecraft:white_banner":4,"minecraft:cooked_porkchop":7,"minecraft:bucket":162,"minecraft:diamond_leggings":2,"minecraft:chainmail_leggings":1},"minecraft:crafted":{"minecraft:oak_planks":324,"minecraft:chainmail_helmet":9,"minecraft:dark_oak_boat":1,"minecraft:cooked_chicken":3,"minecraft:stone":2,"minecraft:bookshelf":8,"minecraft:cooked_mutton":18,"minecraft:diamond_helmet":1,"minecraft:diamond_leggings":1,"minecraft:iron_boots":11,"minecraft:chest":33,"minecraft:emerald":205,"minecraft:cooked_porkchop":6,"minecraft:crafting_table":5,"minecraft:spruce_planks":2608,"minecraft:wooden_pickaxe":1,"minecraft:iron_helmet":2,"minecraft:fletching_table":1,"minecraft:birch_planks":40,"minecraft:campfire":1,"minecraft:iron_chestplate":2,"minecraft:book":31,"minecraft:paper":168,"minecraft:diamond_pickaxe":1,"minecraft:charcoal":2,"minecraft:shield":4,"minecraft:stick":6380,"minecraft:iron_ingot":188,"minecraft:iron_pickaxe":1,"minecraft:gold_ingot":15,"minecraft:golden_carrot":48,"minecraft:raw_iron":27,"minecraft:furnace":1,"minecraft:bone_meal":111,"minecraft:oak_trapdoor":2,"minecraft:flint_and_steel":1,"minecraft:iron_axe":6,"minecraft:iron_hoe":1,"minecraft:stone_pickaxe":1,"minecraft:diamond_boots":1,"minecraft:spruce_boat":2,"minecraft:dark_oak_planks":96,"minecraft:chainmail_leggings":36,"minecraft:wheat":450,"minecraft:cooked_beef":6,"minecraft:enchanting_table":1,"minecraft:bucket":1,"minecraft:stone_axe":1,"minecraft:bread":154,"minecraft:air":0,"minecraft:oak_boat":1,"minecraft:gold_nugget":387,"minecraft:iron_leggings":1,"minecraft:white_bed":5,"minecraft:torch":40,"minecraft:diamond_chestplate":2},"minecraft:custom":{"minecraft:interact_with_crafting_table":80,"minecraft:bell_ring":30,"minecraft:leave_game":6,"minecraft:time_since_death":88537,"minecraft:sprint_one_cm":1318927,"minecraft:damage_blocked_by_shield":6255,"minecraft:drop":184,"minecraft:talked_to_villager":181,"minecraft:play_time":463667,"minecraft:deaths":13,"minecraft:jump":11712,"minecraft:interact_with_brewingstand":1,"minecraft:walk_on_water_one_cm":77060,"minecraft:interact_with_furnace":105,"minecraft:traded_with_villager":265,"minecraft:sleep_in_bed":29,"minecraft:damage_dealt":32866,"minecraft:player_kills":1,"minecraft:crouch_one_cm":88671,"minecraft:horse_one_cm":8680,"minecraft:mob_kills":180,"minecraft:interact_with_campfire":6,"minecraft:walk_one_cm":978007,"minecraft:raid_win":1,"minecraft:sneak_time":28208,"minecraft:walk_under_water_one_cm":75996,"minecraft:boat_one_cm":387871,"minecraft:interact_with_blast_furnace":30,"minecraft:total_world_time":463667,"minecraft:raid_trigger":1,"minecraft:interact_with_stonecutter":6,"minecraft:time_since_rest":20863,"minecraft:damage_taken":12614,"minecraft:damage_absorbed":202,"minecraft:swim_one_cm":238100,"minecraft:fly_one_cm":2382471,"minecraft:open_chest":459,"minecraft:fall_one_cm":329619},"minecraft:killed":{"minecraft:witch":3,"minecraft:spider":10,"minecraft:skeleton":35,"minecraft:chicken":6,"minecraft:pig":6,"minecraft:creeper":3,"minecraft:sheep":18,"minecraft:pillager":13,"minecraft:zombie":52,"minecraft:stray":1,"minecraft:cow":14,"minecraft:vex":1,"minecraft:vindicator":4,"minecraft:horse":2,"minecraft:ravager":1,"minecraft:polar_bear":5,"minecraft:enderman":2},"minecraft:killed_by":{"minecraft:creeper":2,"minecraft:vindicator":6,"minecraft:vex":4}},"DataVersion":3465}