{"stats":{"minecraft:mined":{"minecraft:diamond_ore":2,"minecraft:tuff":20,"minecraft:deepslate_diamond_ore":41,"minecraft:sculk_vein":3,"minecraft:brewing_stand":1,"minecraft:granite":8,"minecraft:grass_block":4,"minecraft:kelp":4,"minecraft:large_fern":1,"minecraft:hay_block":8,"minecraft:furnace":1,"minecraft:cobbled_deepslate":1,"minecraft:iron_ore":57,"minecraft:fire":6,"minecraft:deepslate_lapis_ore":4,"minecraft:sculk_shrieker":4,"minecraft:packed_ice":16,"minecraft:stone":121,"minecraft:brown_mushroom":2,"minecraft:deepslate_brick_wall":4,"minecraft:snow_block":2,"minecraft:crafting_table":2,"minecraft:chest":1,"minecraft:sculk_sensor":3,"minecraft:tall_grass":1,"minecraft:cobblestone":7,"minecraft:sugar_cane":36,"minecraft:oak_planks":2,"minecraft:sculk":7,"minecraft:diorite":13,"minecraft:seagrass":1,"minecraft:birch_log":4,"minecraft:ice":1,"minecraft:white_carpet":2,"minecraft:birch_leaves":3,"minecraft:grass":9,"minecraft:oak_log":31,"minecraft:coal_ore":105,"minecraft:gravel":9,"minecraft:sand":1,"minecraft:dirt":2,"minecraft:oak_leaves":7,"minecraft:deepslate":103},"minecraft:broken":{"minecraft:iron_pickaxe":1},"minecraft:dropped":{"minecraft:wheat_seeds":3,"minecraft:diamond":2,"minecraft:iron_helmet":1,"minecraft:cobblestone":4,"minecraft:diorite":11,"minecraft:map":2,"minecraft:snowball":8,"minecraft:iron_leggings":2,"minecraft:chainmail_leggings":1,"minecraft:string":6,"minecraft:bone":3,"minecraft:kelp":2,"minecraft:wheat":1,"minecraft:raw_iron":1,"minecraft:rotten_flesh":9,"minecraft:iron_boots":1,"minecraft:iron_chestplate":2,"minecraft:oak_sapling":1,"minecraft:spider_eye":1},"minecraft:picked_up":{"minecraft:crafting_table":2,"minecraft:iron_chestplate":12,"minecraft:brown_mushroom":2,"minecraft:brewing_stand":1,"minecraft:shield":6,"minecraft:string":6,"minecraft:iron_axe":3,"minecraft:iron_leggings":3,"minecraft:iron_shovel":8,"minecraft:cobbled_deepslate":104,"minecraft:beef":51,"minecraft:iron_pickaxe":6,"minecraft:sugar_cane":96,"minecraft:chest":1,"minecraft:birch_sapling":8,"minecraft:furnace":1,"minecraft:iron_boots":8,"minecraft:stick":24,"minecraft:raw_iron":57,"minecraft:deepslate_brick_wall":4,"minecraft:diorite":13,"minecraft:carrot":2,"minecraft:arrow":14,"minecraft:diamond_chestplate":1,"minecraft:rotten_flesh":10,"minecraft:hay_block":8,"minecraft:saddle":1,"minecraft:totem_of_undying":2,"minecraft:snowball":8,"minecraft:cobblestone":126,"minecraft:birch_log":2,"minecraft:golden_carrot":1,"minecraft:leather":21,"minecraft:golden_leggings":1,"minecraft:birch_planks":36,"minecraft:flint":1,"minecraft:tuff":20,"minecraft:oak_log":31,"minecraft:lapis_lazuli":26,"minecraft:map":1,"minecraft:white_banner":1,"minecraft:bone":8,"minecraft:kelp":2,"minecraft:bow":1,"minecraft:wheat_seeds":16,"minecraft:oak_planks":2,"minecraft:iron_sword":4,"minecraft:gravel":8,"minecraft:spider_eye":1,"minecraft:diamond":43,"minecraft:chainmail_leggings":10,"minecraft:iron_helmet":12,"minecraft:crossbow":9,"minecraft:granite":8,"minecraft:bread":102,"minecraft:oak_sapling":14,"minecraft:coal":144},"minecraft:used":{"minecraft:iron_shovel":2,"minecraft:flint_and_steel":11,"minecraft:chest":3,"minecraft:shield":30,"minecraft:iron_sword":51,"minecraft:iron_chestplate":6,"minecraft:carrot":1,"minecraft:tuff":20,"minecraft:granite":8,"minecraft:iron_axe":86,"minecraft:birch_sapling":1,"minecraft:iron_helmet":8,"minecraft:iron_boots":5,"minecraft:totem_of_undying":1,"minecraft:oak_sapling":4,"minecraft:furnace":1,"minecraft:cobbled_deepslate":104,"minecraft:iron_leggings":1,"minecraft:deepslate_brick_wall":4,"minecraft:water_bucket":34,"minecraft:diorite":2,"minecraft:oak_planks":4,"minecraft:crafting_table":6,"minecraft:diamond_pickaxe":279,"minecraft:bread":72,"minecraft:iron_pickaxe":266,"minecraft:gravel":8,"minecraft:diamond_sword":90,"minecraft:cobblestone":173,"minecraft:white_banner":1,"minecraft:bucket":34,"minecraft:smooth_stone":2,"minecraft:chainmail_leggings":4},"minecraft:crafted":{"minecraft:smooth_stone":5,"minecraft:oak_planks":124,"minecraft:furnace":1,"minecraft:blast_furnace":1,"minecraft:stone":5,"minecraft:flint_and_steel":1,"minecraft:diamond_helmet":1,"minecraft:diamond_leggings":1,"minecraft:chest":1,"minecraft:diamond_boots":1,"minecraft:wheat":72,"minecraft:diamond_sword":1,"minecraft:crafting_table":4,"minecraft:birch_planks":8,"minecraft:bread":21,"minecraft:air":0,"minecraft:diamond_pickaxe":1,"minecraft:stick":4,"minecraft:iron_ingot":8,"minecraft:iron_pickaxe":1},"minecraft:custom":{"minecraft:mob_kills":74,"minecraft:interact_with_crafting_table":10,"minecraft:leave_game":16,"minecraft:time_since_death":7301,"minecraft:climb_one_cm":1542,"minecraft:sprint_one_cm":519135,"minecraft:walk_one_cm":190587,"minecraft:damage_blocked_by_shield":2580,"minecraft:drop":27,"minecraft:raid_win":1,"minecraft:play_time":157959,"minecraft:deaths":11,"minecraft:sneak_time":16036,"minecraft:walk_under_water_one_cm":15794,"minecraft:jump":4609,"minecraft:interact_with_brewingstand":1,"minecraft:interact_with_blast_furnace":3,"minecraft:walk_on_water_one_cm":32169,"minecraft:total_world_time":157959,"minecraft:interact_with_furnace":15,"minecraft:sleep_in_bed":4,"minecraft:time_since_rest":7338,"minecraft:damage_taken":6350,"minecraft:damage_dealt":12164,"minecraft:swim_one_cm":122966,"minecraft:fly_one_cm":1391733,"minecraft:open_chest":58,"minecraft:crouch_one_cm":37108,"minecraft:fall_one_cm":148081},"minecraft:killed":{"minecraft:evoker":1,"minecraft:vex":4,"minecraft:vindicator":1,"minecraft:spider":3,"minecraft:skeleton":16,"minecraft:ravager":1,"minecraft:pillager":10,"minecraft:zombie":11,"minecraft:cow":22},"minecraft:killed_by":{"minecraft:creeper":1,"minecraft:vindicator":2,"minecraft:zombie":2,"minecraft:vex":4}},"DataVersion":3465}