{"stats":{"minecraft:mined":{"minecraft:dark_oak_planks":1,"minecraft:spruce_planks":6,"minecraft:white_bed":19,"minecraft:oak_sapling":1,"minecraft:brewing_stand":1,"minecraft:grass_block":933,"minecraft:deepslate_bricks":6,"minecraft:iron_ore":77,"minecraft:fire":9,"minecraft:pumpkin":12,"minecraft:fletching_table":2,"minecraft:dirt_path":2,"minecraft:deepslate_redstone_ore":8,"minecraft:torch":4,"minecraft:blast_furnace":10,"minecraft:cobblestone":13,"minecraft:sugar_cane":34,"minecraft:oak_planks":24,"minecraft:wall_torch":1,"minecraft:deepslate_copper_ore":4,"minecraft:birch_log":29,"minecraft:grass":93,"minecraft:oak_log":5,"minecraft:sand":49,"minecraft:dirt":964,"minecraft:oak_leaves":5,"minecraft:spruce_leaves":144,"minecraft:sandstone":11,"minecraft:hay_block":57,"minecraft:deepslate_brick_slab":3,"minecraft:redstone_ore":5,"minecraft:spruce_sapling":1,"minecraft:furnace":8,"minecraft:andesite":36,"minecraft:deepslate_iron_ore":13,"minecraft:stone":372,"minecraft:glass_pane":3,"minecraft:crafting_table":6,"minecraft:cornflower":1,"minecraft:lectern":139,"minecraft:campfire":2,"minecraft:tall_grass":11,"minecraft:copper_ore":2,"minecraft:deepslate_coal_ore":7,"minecraft:lapis_ore":4,"minecraft:diorite":3,"minecraft:birch_planks":13,"minecraft:ice":1,"minecraft:spruce_log":403,"minecraft:birch_leaves":7,"minecraft:yellow_bed":2,"minecraft:coal_ore":93,"minecraft:gravel":5,"minecraft:gold_ore":4},"minecraft:broken":{"minecraft:iron_shovel":7,"minecraft:chainmail_leggings":1,"minecraft:shield":1,"minecraft:iron_axe":3,"minecraft:iron_pickaxe":2},"minecraft:dropped":{"minecraft:iron_sword":4,"minecraft:birch_planks":2,"minecraft:porkchop":2,"minecraft:cooked_beef":34,"minecraft:glass_bottle":4,"minecraft:ender_pearl":1,"minecraft:cooked_porkchop":4,"minecraft:crossbow":3,"minecraft:birch_slab":2,"minecraft:flint":2,"minecraft:emerald":8,"minecraft:dirt":15,"minecraft:cornflower":1,"minecraft:iron_pickaxe":2,"minecraft:bone":4,"minecraft:gravel":1,"minecraft:stone_axe":2,"minecraft:sugar_cane":31,"minecraft:deepslate_brick_slab":2,"minecraft:rotten_flesh":26,"minecraft:oak_planks":1,"minecraft:glowstone_dust":3,"minecraft:white_bed":1,"minecraft:carrot":8,"minecraft:poppy":2,"minecraft:leather_chestplate":2,"minecraft:gunpowder":2,"minecraft:birch_trapdoor":1,"minecraft:spruce_slab":2,"minecraft:arrow":3,"minecraft:beef":1,"minecraft:egg":1,"minecraft:stone_hoe":1,"minecraft:water_bucket":3,"minecraft:bread":47,"minecraft:wheat_seeds":23,"minecraft:diamond_leggings":2,"minecraft:iron_helmet":4,"minecraft:feather":3,"minecraft:stick":2,"minecraft:gray_wool":1,"minecraft:diorite":4,"minecraft:golden_carrot":69,"minecraft:wooden_axe":1,"minecraft:brown_wool":1,"minecraft:iron_leggings":2,"minecraft:white_banner":8,"minecraft:iron_axe":2,"minecraft:iron_shovel":2,"minecraft:string":2,"minecraft:spruce_sapling":2,"minecraft:dandelion":2,"minecraft:redstone":2,"minecraft:kelp":2,"minecraft:stone_sword":1,"minecraft:iron_boots":2,"minecraft:totem_of_undying":2,"minecraft:flint_and_steel":5,"minecraft:blast_furnace":2,"minecraft:filled_map":2,"minecraft:spruce_boat":2,"minecraft:shield":5,"minecraft:diamond_chestplate":2,"minecraft:iron_chestplate":3,"minecraft:diamond_pickaxe":2,"minecraft:andesite":7,"minecraft:golden_leggings":2,"minecraft:spider_eye":6,"minecraft:diamond_boots":2,"minecraft:stone_pickaxe":2,"minecraft:wooden_pickaxe":1,"minecraft:raw_gold":3},"minecraft:picked_up":{"minecraft:iron_chestplate":17,"minecraft:brewing_stand":1,"minecraft:string":4,"minecraft:raw_copper":22,"minecraft:iron_leggings":10,"minecraft:diamond_leggings":3,"minecraft:spruce_planks":6,"minecraft:iron_pickaxe":20,"minecraft:furnace":8,"minecraft:iron_boots":15,"minecraft:stick":24,"minecraft:birch_trapdoor":1,"minecraft:torch":36,"minecraft:porkchop":37,"minecraft:diorite":4,"minecraft:rotten_flesh":32,"minecraft:cod":2,"minecraft:cobblestone":514,"minecraft:birch_log":29,"minecraft:leather_chestplate":2,"minecraft:cooked_beef":234,"minecraft:feather":3,"minecraft:birch_slab":2,"minecraft:water_bucket":4,"minecraft:andesite":28,"minecraft:brown_wool":1,"minecraft:golden_leggings":2,"minecraft:flint":3,"minecraft:lapis_lazuli":25,"minecraft:dirt":1911,"minecraft:bone":29,"minecraft:bow":3,"minecraft:wheat_seeds":43,"minecraft:deepslate_brick_slab":8,"minecraft:raw_gold":3,"minecraft:glowstone_dust":5,"minecraft:fletching_table":2,"minecraft:stone_hoe":6,"minecraft:oak_planks":25,"minecraft:sand":48,"minecraft:grass_block":2,"minecraft:spruce_boat":25,"minecraft:crossbow":7,"minecraft:bone_meal":11,"minecraft:golden_apple":5,"minecraft:emerald":14,"minecraft:bread":639,"minecraft:oak_sapling":11,"minecraft:diamond_pickaxe":2,"minecraft:charcoal":6,"minecraft:crafting_table":5,"minecraft:chicken":2,"minecraft:shield":16,"minecraft:cornflower":1,"minecraft:iron_axe":10,"minecraft:flint_and_steel":5,"minecraft:iron_shovel":18,"minecraft:beef":12,"minecraft:poppy":5,"minecraft:spruce_slab":2,"minecraft:lectern":139,"minecraft:sugar_cane":96,"minecraft:egg":1,"minecraft:raw_iron":90,"minecraft:carrot":10,"minecraft:redstone":69,"minecraft:arrow":13,"minecraft:diamond_chestplate":2,"minecraft:deepslate_bricks":6,"minecraft:diamond_boots":2,"minecraft:hay_block":59,"minecraft:totem_of_undying":9,"minecraft:mutton":39,"minecraft:white_wool":19,"minecraft:golden_carrot":106,"minecraft:leather":4,"minecraft:filled_map":1,"minecraft:birch_planks":86,"minecraft:oak_log":10,"minecraft:yellow_bed":2,"minecraft:gunpowder":2,"minecraft:paper":5,"minecraft:white_banner":8,"minecraft:cooked_mutton":13,"minecraft:kelp":2,"minecraft:iron_ingot":87,"minecraft:stone_pickaxe":1,"minecraft:cooked_chicken":3,"minecraft:glass_bottle":4,"minecraft:iron_sword":17,"minecraft:pumpkin":11,"minecraft:dandelion":2,"minecraft:gravel":4,"minecraft:blast_furnace":10,"minecraft:spruce_sapling":32,"minecraft:white_bed":22,"minecraft:spruce_log":530,"minecraft:spider_eye":7,"minecraft:stone_axe":1,"minecraft:chainmail_leggings":2,"minecraft:iron_helmet":20,"minecraft:gray_wool":1,"minecraft:coal":393,"minecraft:ender_pearl":2},"minecraft:used":{"minecraft:iron_shovel":1979,"minecraft:poppy":1,"minecraft:chest":4,"minecraft:shield":66,"minecraft:iron_sword":304,"minecraft:rotten_flesh":1,"minecraft:iron_chestplate":9,"minecraft:mutton":2,"minecraft:carrot":1,"minecraft:deepslate_brick_slab":10,"minecraft:spruce_boat":22,"minecraft:lava_bucket":9,"minecraft:iron_helmet":8,"minecraft:birch_trapdoor":5,"minecraft:furnace":9,"minecraft:oak_sapling":11,"minecraft:potato":9,"minecraft:stone_pickaxe":62,"minecraft:oak_planks":17,"minecraft:wooden_pickaxe":6,"minecraft:sugar_cane":25,"minecraft:golden_apple":1,"minecraft:sand":14,"minecraft:blast_furnace":9,"minecraft:bread":20,"minecraft:lectern":141,"minecraft:gravel":2,"minecraft:birch_log":2,"minecraft:bone_meal":7,"minecraft:stone_sword":49,"minecraft:flint_and_steel":10,"minecraft:spruce_planks":38,"minecraft:stone_hoe":15,"minecraft:cooked_chicken":4,"minecraft:torch":113,"minecraft:brewing_stand":1,"minecraft:dirt":132,"minecraft:wooden_axe":6,"minecraft:iron_axe":711,"minecraft:iron_boots":6,"minecraft:cooked_beef":18,"minecraft:iron_leggings":3,"minecraft:cooked_mutton":18,"minecraft:water_bucket":7,"minecraft:birch_planks":23,"minecraft:fletching_table":2,"minecraft:deepslate_bricks":3,"minecraft:crafting_table":13,"minecraft:white_bed":20,"minecraft:campfire":2,"minecraft:spruce_log":3,"minecraft:iron_pickaxe":618,"minecraft:spruce_sapling":24,"minecraft:stone_axe":42,"minecraft:cobblestone":78,"minecraft:cooked_porkchop":6,"minecraft:bucket":17,"minecraft:yellow_bed":2,"minecraft:chainmail_leggings":1},"minecraft:crafted":{"minecraft:smooth_stone":3,"minecraft:cooked_chicken":1,"minecraft:birch_slab":6,"minecraft:stone":3,"minecraft:bookshelf":2,"minecraft:cooked_mutton":5,"minecraft:iron_boots":1,"minecraft:chest":4,"minecraft:stone_hoe":1,"minecraft:emerald":1,"minecraft:cooked_porkchop":10,"minecraft:crafting_table":9,"minecraft:spruce_planks":100,"minecraft:iron_helmet":2,"minecraft:wooden_pickaxe":1,"minecraft:birch_planks":84,"minecraft:campfire":2,"minecraft:lectern":2,"minecraft:book":1,"minecraft:iron_chestplate":1,"minecraft:paper":33,"minecraft:shield":3,"minecraft:stick":48,"minecraft:iron_ingot":66,"minecraft:iron_pickaxe":3,"minecraft:stone_sword":1,"minecraft:gold_ingot":7,"minecraft:furnace":2,"minecraft:blast_furnace":1,"minecraft:flint_and_steel":1,"minecraft:iron_axe":3,"minecraft:spruce_slab":6,"minecraft:stone_pickaxe":1,"minecraft:wheat":270,"minecraft:cooked_beef":23,"minecraft:coal_block":1,"minecraft:deepslate_brick_slab":6,"minecraft:iron_sword":1,"minecraft:bucket":1,"minecraft:stone_axe":1,"minecraft:bread":64,"minecraft:air":0,"minecraft:wooden_axe":1,"minecraft:birch_trapdoor":6,"minecraft:iron_shovel":7,"minecraft:iron_leggings":1,"minecraft:white_bed":1,"minecraft:torch":80},"minecraft:custom":{"minecraft:interact_with_crafting_table":68,"minecraft:bell_ring":8,"minecraft:leave_game":12,"minecraft:time_since_death":49588,"minecraft:sprint_one_cm":856844,"minecraft:damage_blocked_by_shield":4457,"minecraft:drop":164,"minecraft:talked_to_villager":342,"minecraft:play_time":348824,"minecraft:deaths":16,"minecraft:jump":4898,"minecraft:walk_on_water_one_cm":29064,"minecraft:interact_with_furnace":92,"minecraft:traded_with_villager":1,"minecraft:sleep_in_bed":23,"minecraft:damage_dealt":22354,"minecraft:crouch_one_cm":31913,"minecraft:mob_kills":122,"minecraft:interact_with_campfire":11,"minecraft:walk_one_cm":735730,"minecraft:raid_win":1,"minecraft:sneak_time":9285,"minecraft:walk_under_water_one_cm":26361,"minecraft:boat_one_cm":705171,"minecraft:interact_with_blast_furnace":14,"minecraft:total_world_time":348824,"minecraft:time_since_rest":17584,"minecraft:damage_taken":8219,"minecraft:damage_absorbed":31,"minecraft:swim_one_cm":78738,"minecraft:fly_one_cm":992983,"minecraft:open_chest":85,"minecraft:fall_one_cm":120453},"minecraft:killed":{"minecraft:witch":3,"minecraft:spider":6,"minecraft:skeleton":8,"minecraft:chicken":4,"minecraft:pig":15,"minecraft:zombie_villager":1,"minecraft:iron_golem":2,"minecraft:creeper":3,"minecraft:sheep":22,"minecraft:pillager":10,"minecraft:zombie":20,"minecraft:stray":2,"minecraft:cow":4,"minecraft:evoker":3,"minecraft:vex":3,"minecraft:vindicator":10,"minecraft:polar_bear":1,"minecraft:villager":1},"minecraft:killed_by":{"minecraft:evoker":1,"minecraft:creeper":1,"minecraft:ravager":1,"minecraft:vindicator":8,"minecraft:vex":3,"minecraft:iron_golem":2}},"DataVersion":3465}